<?xml version="1.0" encoding="UTF-8"?>
<project-private xmlns="http://www.netbeans.org/ns/project-private/1">
    <editor-bookmarks xmlns="http://www.netbeans.org/ns/editor-bookmarks/2" lastBookmarkId="0"/>
    <open-files xmlns="http://www.netbeans.org/ns/projectui-open-files/2">
        <group>
            <file>file:/C:/Users/pc/OneDrive/Documents/NetBeansProjects/findArea_parameter/src/shapes/square.java</file>
            <file>file:/C:/Users/pc/OneDrive/Documents/NetBeansProjects/findArea_parameter/src/shapes/main.java</file>
            <file>file:/C:/Users/pc/OneDrive/Documents/NetBeansProjects/findArea_parameter/src/shapes/cube.java</file>
            <file>file:/C:/Users/pc/OneDrive/Documents/NetBeansProjects/findArea_parameter/src/shapes/Shape.java</file>
        </group>
    </open-files>
</project-private>
